4,76,-,t,trnH,ATCG00010,tRNA-His-GUG
383,1444,-,p,psbA,ATCG00020,PSII D1 protein
1717,1751,-,t,trnK_2,ATCG00030,tRNA-Lys-UUU
2056,3570,-,p,matK,ATCG00040,Splicing factor
4311,4347,-,t,trnK_1,ATCG00030,tRNA-Lys-UUU
5084,5283,-,p,rps16_2,ATCG00050,30S Ribosomal protein CS16
6149,6188,-,p,rps16_1,ATCG00050,30S Ribosomal protein CS16
6616,6687,-,t,trnQ,ATCG00060,tRNA-Gln-UUG
7017,7202,+,p,psbK,ATCG00070,PSII K protein
7583,7693,+,p,psbI,ATCG00080,PSII I protein
7785,7872,+,t,trnS1,ATCG00090,tRNA-Ser-GCU
8646,8668,+,t,trnG1_1,ATCG00100,tRNA-Gly-UCC
9383,9431,+,t,trnG1_2,ATCG00100,tRNA-Gly-UCC
9590,9661,+,t,trnR1,ATCG00110,tRNA-Arg-UCU
9938,11461,-,p,atpA,ATCG00120,ATP synthase subunit CF1 alpha
11529,11938,-,p,atpF_2,ATCG00130,ATP synthase subunit CFo I
12654,12798,-,p,atpF_1,ATCG00130,ATP synthase subunit CFo I
13262,13507,-,p,atpH,ATCG00140,ATP synthase subunit CFo III
14021,14770,-,p,atpI,ATCG00150,ATP synthase subunit CFo IV
15013,15723,-,p,rps2,ATCG00160,30S Ribosomal protein CS2
15938,20068,-,p,rpoC2,ATCG00170,PEP subunit beta prime prime
20251,21861,-,p,rpoC1_2,ATCG00180,PEP subunit beta prime
22653,23084,-,p,rpoC1_1,ATCG00180,PEP subunit beta prime
23111,26329,-,p,rpoB,ATCG00190,PEP subunit beta
27373,27443,+,t,trnC,ATCG00200,tRNA-Cys-GCA
28089,28178,+,p,petN,ATCG00210,Cytochrome b6f complex subunit N
28707,28811,-,p,psbM,ATCG00220,PSII M protein
29801,29874,-,t,trnD,ATCG00230,tRNA-Asp-GUC
30323,30406,-,t,trnY,ATCG00240,tRNA-Tyr-GUA
30466,30538,-,t,trnE,ATCG00250,tRNA-Glu-UUC
31369,31440,+,t,trnT1,ATCG00260,tRNA-Thr-GGU
32711,33772,+,p,psbD,ATCG00270,PSII D2 protein
33720,35141,+,p,psbC,ATCG00280,PSII CP43 protein
35312,35403,-,t,trnS2,ATCG00290,tRNA-Set-UGA
35751,35939,+,p,psbZ,ATCG00300,PSII Z protein
36490,36560,+,t,trnG2,ATCG00310,tRNA-Gly-GCC
36704,36777,-,t,trnfM,ATCG00320,tRNA-fMet-CAU
36938,37240,-,p,rps14,ATCG00330,30S Ribosomal protein CS14
37375,39579,-,p,psaB,ATCG00340,PSI PsaB protein
39605,41857,-,p,psaA,ATCG00350,PSI PsaA protein
42584,42736,-,p,ycf3_3,ATCG00360,PSI assembly
43524,43751,-,p,ycf3_2,ATCG00360,PSI assembly
44466,44591,-,p,ycf3_1,ATCG00360,PSI assembly
44827,44913,+,t,trnS3,ATCG00370,tRNA-Ser-GGA
45223,45828,-,p,rps4,ATCG00380,30S Ribosomal protein CS4
46213,46285,-,t,trnT2,ATCG00390,tRNA-Thr-UGU
46894,46928,+,t,trnL1_1,ATCG00400,tRNA-Leu-UAA
47441,47490,+,t,trnL1_2,ATCG00400,tRNA-Leu-UAA
48175,48247,+,t,trnF,ATCG00410??,tRNA-Phe-GAA
48677,49153,-,p,ndhJ,ATCG00420??,NDH complex subunit J
49257,49934,-,p,ndhK,ATCG00430??,NDH complex subunit K
50001,50363,-,p,ndhC,ATCG00440??,NDH complex subunit C
51199,51233,-,t,trnV1_2,ATCG00450??,tRNA-Val-UAC
51833,51871,-,t,trnV1_1,ATCG00450??,tRNA-Val-UAC
52056,52128,+,t,trnM,ATCG00460,tRNA-Met-CAU
52265,52663,-,p,atpE,ATCG00470,ATP synthase subunit CF1 epsilon
52660,54156,-,p,atpB,ATCG00480,ATP synthase subunit CF1 beta
54958,56397,+,p,rbcL,ATCG00490,Rubisco large subunit
57075,58541,+,p,accD,ATCG00500,Acetyl-CoA carboxylase beta subunit
59247,59360,+,p,psaI,ATCG00510,PSI I protein
59772,60326,+,p,ycf4,ATCG00520,PSI assembly
60741,61430,+,p,cemA,ATCG00530,Inner envelope protein
61657,62619,+,p,petA,ATCG00540,Cytochrome b6f complex cytochrome f
63538,63660,-,p,psbJ,ATCG00550,PSII J protein
63804,63920,-,p,psbL,ATCG00560,PSII L protein
63942,64061,-,p,psbF,ATCG00570,PSII cytochrome b559 alpha subunit
64071,64322,-,p,psbE,ATCG00580,PSII cytochrome b559 beta subunit
65712,65807,+,p,petL,ATCG00590,Cytochrome b6f complex subunit L
65998,66111,+,p,petG,ATCG00600,Cytochrome b6f complex subunit G
66229,66302,-,t,trnW,ATCG00610,Trp-tRNA
66490,66563,-,t,trnP,ATCG00620,Pro-tRNA
66929,67063,+,p,psaJ,ATCG00630,PSI J protein
67488,67688,+,p,rpl33,ATCG00640,50S ribosomal protein CL33
67917,68222,+,p,rps18,ATCG00650,30S ribosomal protein CS18
68512,68865,-,p,rpl20,ATCG00660,50S ribosomal protein CL20
69611,69724,-,p,rps12_1,ATCG00065,30S ribosomal protein CS12
69910,70137,-,p,clpP_3,ATCG00670,ATP-dependent Clp protease
70653,70944,-,p,clpP_2,ATCG00670,ATP-dependent Clp protease
71812,71882,-,p,clpP_1,ATCG00670,ATP-dependent Clp protease
72371,73897,+,p,psbB,ATCG00680,PSII CP47 protein
74082,74183,+,p,psbT,ATCG00690,PSII T protein
74249,74380,-,p,psbN,ATCG00700,PSII N protein
74485,74706,+,p,psbH,ATCG00710,PSII H protein
74841,74846,+,p,petB_1,ATCG00720,Cytochrome b6f complex cytochrome b6
75651,76292,+,p,petB_2,ATCG00720,Cytochrome b6f complex cytochrome b6
76481,76488,+,p,petD_1,ATCG00730,Cytochrome b6f complex subunit IV
77198,77672,+,p,petD_2,ATCG00730,Cytochrome b6f complex subunit IV
77901,78890,-,p,rpoA,ATCG00740,PEP subunit alpha
78960,79376,-,p,rps11,ATCG00750,30S ribosomal protein CS11
79489,79602,-,p,rpl36,ATCG00760,50S ribosomal protein CL36
80068,80472,-,p,rps8,ATCG00770,30S ribosomal protein CS8
80696,81064,-,p,rpl14,ATCG00780,50S ribosomal protein CL14
81189,81587,-,p,rpl16_2,ATCG00790,50S ribosomal protein CL16
82644,82652,-,p,rpl16_1,ATCG00790,50S ribosomal protein CL16
82826,83482,-,p,rps3,ATCG00800,30S ribosomal protein CS3
83467,83949,-,p,rpl22,ATCG00810,50S ribosomal protein CL22
84005,84283,-,p,rps19,ATCG00820,30S ribosomal protein CS19
84337,84771,-,p,rpl2_2,ATCG00830,50S ribosomal protein CL2
85454,85843,-,p,rpl2_1,ATCG00830,50S ribosomal protein CL2
85862,86143,-,p,rpl23,ATCG00840,50S ribosomal protein CL23
86312,86385,-,t,trnI1,ATCG00850,tRNA-Ile-CAU
86474,93358,+,p,ftsHi,ATCG00860,AAA-protease
94276,94356,-,t,trnL2,ATCG00880,tRNA-Leu-CAA
94941,95702,-,p,ndhB_2,ATCG00890,NDH complex subunit B
96388,97164,-,p,ndhB_1,ATCG00890,NDH complex subunit B
97478,97945,-,p,rps7,ATCG00900,30S ribosomal protein CS7
97999,98024,-,p,rps12_3,ATCG00905,30S ribosomal protein CS12
98562,98793,-,p,rps12_2,ATCG00905,30S ribosomal protein CS12
100709,100780,+,t,trnV2,ATCG00910,tRNA-Val-GAC
101012,102502,+,r,rrn16,ATCG00920,16S rRNA
102801,102837,+,t,trnI2_1,ATCG00930,tRNA-Ile-GAU
103567,103601,+,t,trnI2_2,ATCG00930,tRNA-Ile-GAU
103665,103702,+,t,trnA_1,ATCG00940,tRNA-Ala-UGC
104504,104538,+,t,trnA_2,ATCG00940,tRNA-Ala-UGC
104691,107500,+,r,rrn23,ATCG00950,23S rRNA
107599,107701,+,r,rrn4.5,ATCG00960,4.5S rRNA
107949,108069,+,r,rrn5,ATCG00970,5S rRNA
108302,108375,+,t,trnR2,ATCG00980,tRNA-Arg-ACG
109013,109084,-,t,trnN,ATCG00990,tRNA-Asn-GUU
109405,110436,+,p,tic214,ATCG01000,Ycf1 Partial
110398,112638,-,p,ndhF,ATCG01010,NDH complex subunit F
113449,113607,+,p,rpl32,ATCG01020?,50S ribosomal protein CL32
114270,114349,+,t,trnL3,ATCG01030,tRNA-Leu-UAG
114461,115447,+,p,ccsA,ATCG01040,cytochrome c6 biosynthesis protein
115665,117167,-,p,ndhD,ATCG01050,NDH complex subunit D
117318,117563,-,p,psaC,ATCG01060,PSI PsaC protein
117804,118109,-,p,ndhE,ATCG01070,NDH complex subunit E
118377,118907,-,p,ndhG,ATCG01080,NDH complex subunit G
119244,119762,-,p,ndhI,ATCG01090,NDH complex subunit I
119847,120376,-,p,ndhA_2,ATCG01100,NDH complex subunit A
121457,122009,-,p,ndhA_1,ATCG01100,NDH complex subunit A
122011,123192,-,p,ndhH,ATCG01110,NDH complex subunit H
123296,123562,-,p,rps15,ATCG01120,30S ribosomal protein CS15
123884,129244,-,p,tic214,ATCG01130,Translocon subunit TIC214
129565,129636,+,t,trnN,ATCG01140,tRNA-Asn-GUU
130274,130347,-,t,trnR2,ATCG01150,tRNA-Arg-ACG
130580,130700,-,r,rrn5,ATCG01160,5S rRNA
130948,131050,-,r,rrn4.5,ATCG01170,4.5S rRNA
131149,133958,-,r,rrn23,ATCG01180,23S rRNA
134111,134145,-,t,trnA_2,ATCG01190,tRNA-Ala-UGC
134947,134984,-,t,trnA_1,ATCG01190,tRNA-Ala-UGC
135048,135082,-,t,trnI2_2,ATCG01200,tRNA-Ile-GAU
135812,135848,-,t,trnI2_1,ATCG01200,tRNA-Ile-GAU
136147,137637,-,r,rrn16,ATCG01210,16S rRNA
137869,137940,-,t,trnV2,ATCG01220,Val-tRNA
139856,140087,+,p,rps12_2,ATCG01230,30S ribosomal protein CS12
140625,140650,+,p,rps12_3,ATCG01230,30S ribosomal protein CS12
140704,141171,+,p,rps7,ATCG01240,30S ribosomal protein CS7
141485,142261,+,p,ndhB_1,ATCG01250,NDH complex subunit B
142947,143708,+,p,ndhB_2,ATCG01250,NDH complex subunit B
144293,144373,+,t,trnL2,ATCG01260,tRNA-Leu-CAA
145291,152175,-,p,ftsHi,ATCG01280,AAA-protease
152264,152337,+,t,trnI1,ATCG01290,tRNA-Ile-CAU
152506,152787,+,p,rpl23,ATCG01300,50S ribosomal protein CL2
152806,153195,+,p,rpl2_1,ATCG01310,50S ribosomal protein CL2
153878,154312,+,p,rpl2_2,ATCG01310,50S ribosomal protein CL2